"long","lat","country"
-92.045,32.548,"usa"
-92.279,34.748,"usa"
-83.044,39.987,"usa"
-74.202,40.722,"usa"
-92.373,35.083,"usa"
-117.378,47.657,"usa"
-77.366,38.947,"usa"
-83.044,39.987,"usa"
-95.333,29.619,"usa"
-80.236,25.726,"usa"
-122.335,47.612,"usa"
-122.436,37.786,"usa"
-98.528,29.421,"usa"
-77.29,38.522,"usa"
-87.625,41.878,"usa"
-73.399,41.099,"usa"
-76.493,38.978,"usa"
-96.785,32.995,"usa"
-119.835,34.433,"usa"
-73.942,40.817,"usa"
-83.044,39.987,"usa"
-74.202,40.722,"usa"
-86.045,39.783,"usa"
-76.608,39.298,"usa"
-105.015,39.962,"usa"
-77.18,38.887,"usa"
-71.085,42.364,"usa"
-122.335,47.612,"usa"
-105.015,39.962,"usa"
-71.085,42.364,"usa"
-73.252,41.218,"usa"
-83.044,39.987,"usa"
-77.003,38.982,"usa"
-77.518,38.908,"usa"
-83.044,39.987,"usa"
-86.045,39.783,"usa"
-80.057,26.617,"usa"
-87.793,42.043,"usa"
-84.552,33.97,"usa"
-74.202,40.722,"usa"
-105.015,39.962,"usa"
-77.009,40.214,"usa"
-95.333,29.619,"usa"
-122.335,47.612,"usa"
-118.239,34.063,"usa"
-89.528,44.489,"usa"
-122.168,47.615,"usa"
-84.322,33.827,"usa"
-74.111,40.396,"usa"
-93.32,45.165,"usa"
-78.95,36.017,"usa"
-121.856,37.217,"usa"
-100.757,46.795,"usa"
-86.045,39.783,"usa"
-83.044,39.987,"usa"
-77.033,38.899,"usa"
-97.088,32.758,"usa"
-117.03,32.809,"usa"
-117.03,32.809,"usa"
-84.322,33.827,"usa"
-83.044,39.987,"usa"
-105.015,39.962,"usa"
-121.965,37.527,"usa"
-83.044,39.987,"usa"
-96.785,32.995,"usa"
-121.466,38.576,"usa"
-94.402,39.009,"usa"
-83.044,39.987,"usa"
-90.322,32.341,"usa"
-83.044,39.987,"usa"
-76.608,39.298,"usa"
-73.252,41.218,"usa"
-83.293,42.471,"usa"
-122.335,47.612,"usa"
-83.044,39.987,"usa"
-78.95,36.017,"usa"
-111.876,40.784,"usa"
-86.045,39.783,"usa"
-118.239,34.063,"usa"
-117.03,32.809,"usa"
-77.461,39.018,"usa"
-118.239,34.063,"usa"
-118.239,34.063,"usa"
-110.385,31.593,"usa"
-80.236,25.726,"usa"
-83.044,39.987,"usa"
-118.846,34.152,"usa"
-83.044,39.987,"usa"
-84.322,33.827,"usa"
-77.518,38.908,"usa"
-83.044,39.987,"usa"
-111.693,40.221,"usa"
-121.953,37.353,"usa"
-95.333,29.619,"usa"
-86.045,39.783,"usa"
-78.697,35.804,"usa"
-73.942,40.817,"usa"
-74.202,40.722,"usa"
-84.322,33.827,"usa"
-84.322,33.827,"usa"
-118.239,34.063,"usa"
-73.252,41.218,"usa"
-74.659,40.349,"usa"
-73.942,40.817,"usa"
-83.044,39.987,"usa"
-75.746,39.605,"usa"
-83.044,39.987,"usa"
-75.694,39.679,"usa"
-75.472,40.582,"usa"
-77.033,38.899,"usa"
-77.033,38.899,"usa"
-83.036,42.33,"usa"
-95.333,29.619,"usa"
-74.286,40.557,"usa"
-83.044,39.987,"usa"
-121.856,37.217,"usa"
-123.059,48.069,"usa"
-86.045,39.783,"usa"
-86.045,39.783,"usa"
-76.753,39.203,"usa"
-110.385,31.593,"usa"
-78.973,38.385,"usa"
-119.835,34.433,"usa"
-78.95,36.017,"usa"
-118.239,34.063,"usa"
-83.044,39.987,"usa"
-77.26,38.859,"usa"
-87.464,36.654,"usa"
-83.044,39.987,"usa"
-121.93,37.715,"usa"
-96.785,32.995,"usa"
-74.202,40.722,"usa"
-93.62,41.596,"usa"
-121.856,37.217,"usa"
-121.856,37.217,"usa"
-77.518,38.908,"usa"
-83.044,39.987,"usa"
-93.32,45.165,"usa"
-91.671,42.021,"usa"
-74.286,40.557,"usa"
-121.256,38.655,"usa"
-71.085,42.364,"usa"
-90.531,41.518,"usa"
-92.279,34.748,"usa"
-122.053,37.323,"usa"
-74.286,40.557,"usa"
-83.194,42.333,"usa"
-83.194,42.333,"usa"
-78.697,35.804,"usa"
-104.884,39.613,"usa"
-77.18,38.887,"usa"
-95.333,29.619,"usa"
-118.239,34.063,"usa"
-83.044,39.987,"usa"
-105.015,39.962,"usa"
-74.111,40.396,"usa"
-73.942,40.817,"usa"
-81.415,28.392,"usa"
-80.414,37.229,"usa"
-77.604,43.155,"usa"
-121.856,37.217,"usa"
-73.942,40.817,"usa"
-74.202,40.722,"usa"
-83.044,39.987,"usa"
-83.044,39.987,"usa"
-83.044,39.987,"usa"
-83.194,42.333,"usa"
-118.239,34.063,"usa"
-90.577,38.663,"usa"
-83.044,39.987,"usa"
-83.044,39.987,"usa"
-83.044,39.987,"usa"
-121.856,37.217,"usa"
-77.18,38.887,"usa"
-97.503,35.512,"usa"
-77.518,38.908,"usa"
-122.168,47.615,"usa"
-77.18,38.887,"usa"
-77.033,38.899,"usa"
-83.194,42.333,"usa"
-122.526,37.72,"usa"
-87.625,41.878,"usa"
-71.085,42.364,"usa"
-77.138,39.145,"usa"
-96.785,32.995,"usa"
-117.03,32.809,"usa"
-75.694,39.679,"usa"
-81.699,41.448,"usa"
-83.044,39.987,"usa"
-112.07,33.449,"usa"
-97.402,27.796,"usa"
-73.942,40.817,"usa"
-92.492,44,"usa"
-83.044,39.987,"usa"
-73.942,40.817,"usa"
-81.415,28.392,"usa"
-105.015,39.767,"usa"
-83.044,39.987,"usa"
-120.645,35.487,"usa"
-83.044,39.987,"usa"
-78.95,36.017,"usa"
-83.194,42.333,"usa"
-74.202,40.722,"usa"
-77.518,38.908,"usa"
-76.608,39.298,"usa"
-117.864,34.018,"usa"
-117.03,32.809,"usa"
-117.03,32.809,"usa"
-87.625,41.878,"usa"
-90.106,30.008,"usa"
-122.436,37.786,"usa"
-77.518,38.908,"usa"
-71.109,42.422,"usa"
-84.126,39.705,"usa"
-86.045,39.783,"usa"
-86.045,39.783,"usa"
-74.322,40.789,"usa"
-83.044,39.987,"usa"
-83.044,39.987,"usa"
-116.968,46.73,"usa"
-95.333,29.619,"usa"
-81.558,37.209,"usa"
-122.41,47.211,"usa"
-81.334,28.759,"usa"
-95.333,29.619,"usa"
-86.672,36.132,"usa"
-110.385,31.593,"usa"
-73.942,40.817,"usa"
-78.95,36.017,"usa"
-84.322,33.827,"usa"
-75.694,39.679,"usa"
-83.044,39.987,"usa"
-73.942,40.817,"usa"
-93.32,45.165,"usa"
-83.044,39.987,"usa"
-83.044,39.987,"usa"
-74.202,40.722,"usa"
-73.399,41.099,"usa"
-105.015,39.767,"usa"
-95.333,29.619,"usa"
-122.167,37.417,"usa"
-78.95,36.017,"usa"
-121.93,37.715,"usa"
-78.697,35.804,"usa"
-83.194,42.333,"usa"
-95.333,29.619,"usa"
-122.064,38.273,"usa"
-86.045,39.783,"usa"
-105.015,39.962,"usa"
-74.912,39.948,"usa"
-83.044,39.987,"usa"
-75.043,40.4,"usa"
-73.942,40.817,"usa"
-73.815,41.053,"usa"
-76.471,42.505,"usa"
-77.461,39.018,"usa"
-85.84,42.147,"usa"
-85.106,33.573,"usa"
-77.18,38.887,"usa"
-83.044,39.987,"usa"
-95.333,29.619,"usa"
-72.82,41.489,"usa"
-86.326,32.398,"usa"
-75.694,39.679,"usa"
-83.194,42.333,"usa"
-92.366,38.953,"usa"
-76.882,40.263,"usa"
-83.044,39.987,"usa"
-73.399,41.099,"usa"
-122.06,37.898,"usa"
-73.942,40.817,"usa"
-77.461,39.018,"usa"
-118.933,35.389,"usa"
-95.333,29.619,"usa"
-122.167,37.417,"usa"
-118.239,34.063,"usa"
-86.045,39.783,"usa"
-87.886,43.083,"usa"
-74.046,40.889,"usa"
-80.236,25.726,"usa"
-98.16,26.302,"usa"
-87.625,41.878,"usa"
-81.976,35.018,"usa"
-121.889,37.672,"usa"
-80.236,25.726,"usa"
-73.942,40.817,"usa"
-117.789,33.737,"usa"
-83.044,39.987,"usa"
-77.033,38.899,"usa"
-73.942,40.817,"usa"
-106.363,35.133,"usa"
-73.942,40.817,"usa"
-86.045,39.783,"usa"
-73.252,41.218,"usa"
-121.466,38.576,"usa"
-71.057,42.358,"usa"
-78.95,36.017,"usa"
-84.322,33.827,"usa"
-118.239,34.063,"usa"
-84.149,33.978,"usa"
-84.322,33.827,"usa"
-83.044,39.987,"usa"
-96.785,32.995,"usa"
-78.697,35.804,"usa"
-97.181,33.175,"usa"
-77.098,39.011,"usa"
-77.18,38.887,"usa"
-71.057,42.358,"usa"
-74.286,40.557,"usa"
-73.942,40.817,"usa"
-83.044,39.987,"usa"
-83.044,39.987,"usa"
-80.11,26.526,"usa"
-96.785,32.995,"usa"
-93.759,32.422,"usa"
-81.014,35.292,"usa"
-83.044,39.987,"usa"
-87.625,41.878,"usa"
-101.925,35.069,"usa"
-105.015,39.962,"usa"
-83.044,39.987,"usa"
-105.015,39.962,"usa"
-90.2,32.308,"usa"
-73.399,41.099,"usa"
-84.149,33.978,"usa"
-83.194,42.333,"usa"
-84.322,33.827,"usa"
-74.286,40.557,"usa"
-83.044,39.987,"usa"
-73.399,41.099,"usa"
-120.835,35.312,"usa"
-90.2,32.308,"usa"
-117.03,32.809,"usa"
-93.687,32.493,"usa"
-75.164,39.952,"usa"
-81.014,35.292,"usa"
-86.045,39.783,"usa"
-122.046,37.591,"usa"
-84.434,39.137,"usa"
-97.937,30.319,"usa"
-74.202,40.722,"usa"
-81.014,35.292,"usa"
-81.014,35.292,"usa"
-77.461,39.018,"usa"
-121.889,37.672,"usa"
-77.366,38.947,"usa"
-117.765,33.67,"usa"
-83.38,42.277,"usa"
-83.044,39.987,"usa"
-77.033,38.899,"usa"
-74.111,40.396,"usa"
-122.032,37.35,"usa"
-74.202,40.722,"usa"
-77.194,40.012,"usa"
-122.167,37.417,"usa"
-73.942,40.817,"usa"
-86.546,34.617,"usa"
-77.518,38.908,"usa"
-86.672,36.132,"usa"
-73.252,41.218,"usa"
-83.044,39.987,"usa"
-118.239,34.063,"usa"
-110.385,31.593,"usa"
-77.18,38.887,"usa"
-84.243,34.03,"usa"
-121.856,37.217,"usa"
-83.044,39.987,"usa"
-122.436,37.786,"usa"
-105.015,39.962,"usa"
-77.18,38.887,"usa"
-83.194,42.333,"usa"
-95.333,29.619,"usa"
-117.03,32.809,"usa"
-96.785,32.995,"usa"
-73.942,40.817,"usa"
-118.037,33.815,"usa"
-93.32,45.165,"usa"
-89.063,42.195,"usa"
-83.736,42.229,"usa"
-121.93,37.715,"usa"
-85.129,41.131,"usa"
-93.32,45.165,"usa"
-84.322,33.827,"usa"
-83.044,39.987,"usa"
-73.942,40.817,"usa"
-117.03,32.809,"usa"
-76.288,36.914,"usa"
-71.085,42.364,"usa"
-83.194,42.333,"usa"
-73.942,40.817,"usa"
-83.044,39.987,"usa"
-73.942,40.817,"usa"
-105.015,39.767,"usa"
-83.044,39.987,"usa"
-118.239,34.063,"usa"
-73.736,40.953,"usa"
-83.044,39.987,"usa"
-75.694,39.679,"usa"
-83.044,39.987,"usa"
-84.707,33.403,"usa"
-122.075,37.389,"usa"
-83.736,42.229,"usa"
-77.461,39.018,"usa"
-122.859,45.518,"usa"
-71.163,42.69,"usa"
-73.693,41.336,"usa"
-87.625,41.878,"usa"
-118.239,34.063,"usa"
-117.03,32.809,"usa"
-83.044,39.987,"usa"
-89.661,39.803,"usa"
-87.625,41.878,"usa"
-83.044,39.987,"usa"
-122.335,47.612,"usa"
-93.32,45.165,"usa"
-83.044,39.987,"usa"
-102.208,44.255,"usa"
-77.518,38.908,"usa"
-83.044,39.987,"usa"
-83.044,39.987,"usa"
-87.625,41.878,"usa"
-118.239,34.063,"usa"
-97.321,32.725,"usa"
-86.045,39.783,"usa"
-105.015,39.767,"usa"
-117.885,33.84,"usa"
-111.731,33.603,"usa"
-76.146,43.009,"usa"
-95.333,29.619,"usa"
-118.469,34.012,"usa"
-85.095,36.975,"usa"
-93.32,45.165,"usa"
-87.625,41.878,"usa"
-96.876,33.028,"usa"
-96.785,32.995,"usa"
-121.89,37.437,"usa"
-95.333,29.619,"usa"
-77.18,38.887,"usa"
-111.147,45.679,"usa"
-73.942,40.817,"usa"
-71.057,42.358,"usa"
-83.044,39.987,"usa"
-87.886,43.083,"usa"
-79.803,34.195,"usa"
-77.518,38.908,"usa"
-122.436,37.786,"usa"
-81.334,28.759,"usa"
-77.461,39.018,"usa"
-96.785,32.995,"usa"
-122.053,37.323,"usa"
-81.751,40.022,"usa"
-74.567,40.678,"usa"
-122.02,38.013,"usa"
-74.111,40.396,"usa"
-96.785,32.995,"usa"
-100.757,46.795,"usa"
-73.942,40.817,"usa"
-105.015,39.767,"usa"
-73.942,40.817,"usa"
-86.045,39.783,"usa"
-83.194,42.333,"usa"
-75.279,40.211,"usa"
-83.044,39.987,"usa"
-96.785,32.995,"usa"
-80.236,25.726,"usa"
-88.199,41.887,"usa"
-80.03,40.459,"usa"
-73.399,41.099,"usa"
-122.436,37.786,"usa"
-77.604,43.155,"usa"
-117.03,32.809,"usa"
-74.567,40.678,"usa"
-90.106,30.008,"usa"
-74.202,40.722,"usa"
-83.194,42.333,"usa"
-83.194,42.333,"usa"
-87.625,41.878,"usa"
-97.341,37.69,"usa"
-83.194,42.333,"usa"
-77.461,39.018,"usa"
-122.436,37.786,"usa"
-121.833,39.735,"usa"
-83.044,39.987,"usa"
-118.239,34.063,"usa"
-77.137,38.699,"usa"
-77.061,38.857,"usa"
-84.322,33.827,"usa"
-94.612,39.104,"usa"
-83.044,39.987,"usa"
-121.856,37.217,"usa"
-73.942,40.817,"usa"
-73.942,40.817,"usa"
-90.25,30.024,"usa"
-90.193,38.631,"usa"
-118.239,34.063,"usa"
-83.044,39.987,"usa"
-111.876,40.784,"usa"
-84.434,39.137,"usa"
-97.402,27.796,"usa"
-118.239,34.063,"usa"
-122.053,37.323,"usa"
-121.856,37.217,"usa"
-86.435,35.87,"usa"
-111.876,40.784,"usa"
-122.291,37.843,"usa"
-73.499,41.298,"usa"
-75.694,39.679,"usa"
-122.436,37.786,"usa"
-83.044,39.987,"usa"
-83.044,39.987,"usa"
-96.785,32.995,"usa"
-98,38,"usa"
-77.366,38.947,"usa"
-91.083,30.409,"usa"
-118.239,34.063,"usa"
-87.625,41.878,"usa"
-83.548,41.645,"usa"
-86.045,39.783,"usa"
-121.953,37.353,"usa"
-105.015,39.962,"usa"
-118.239,34.063,"usa"
-84.593,35.443,"usa"
-117.206,35.148,"usa"
-111.876,40.784,"usa"
-95.333,29.619,"usa"
-78.697,35.804,"usa"
-84.322,33.827,"usa"
-83.044,39.987,"usa"
-86.77,33.524,"usa"
-73.399,41.099,"usa"
-77.518,38.908,"usa"
-83.736,42.229,"usa"
-122.335,47.612,"usa"
-73.942,40.817,"usa"
-77.461,39.018,"usa"
-97.503,35.512,"usa"
-74.202,40.722,"usa"
-71.085,42.364,"usa"
-84.899,38.178,"usa"
-74.111,40.396,"usa"
-84.434,39.137,"usa"
-88.2,41.71,"usa"
-71.556,42.609,"usa"
-122.032,37.35,"usa"
-122.168,47.615,"usa"
-122.698,38.349,"usa"
-83.044,39.987,"usa"
-118.239,34.063,"usa"
-77.518,38.908,"usa"
-84.322,33.827,"usa"
-81.915,41.419,"usa"
-105.015,39.962,"usa"
-83.044,39.987,"usa"
-122.335,47.612,"usa"
-86.045,39.783,"usa"
-75.164,39.952,"usa"
-95.333,29.619,"usa"
-83.044,39.987,"usa"
-72.581,41.376,"usa"
-83.044,39.987,"usa"
-84.322,33.827,"usa"
-83.044,39.987,"usa"
-78.697,35.804,"usa"
-74.478,40.797,"usa"
-96.785,32.995,"usa"
-83.194,42.333,"usa"
-83.044,39.987,"usa"
-83.044,39.987,"usa"
-71.492,42.749,"usa"
-121.953,37.353,"usa"
-71.18,42.728,"usa"
-106.619,35.054,"usa"
-110.385,31.593,"usa"
-122.335,47.612,"usa"
-83.044,39.987,"usa"
-115.159,35.958,"usa"
-76.092,36.846,"usa"
-82.101,33.525,"usa"
-86.045,39.783,"usa"
-82.719,27.979,"usa"
-104.809,39.74,"usa"
-77.033,38.899,"usa"
-78.697,35.804,"usa"
-80.03,40.459,"usa"
-93.32,45.165,"usa"
-81.334,28.759,"usa"
-86.672,36.132,"usa"
-96.709,32.95,"usa"
-83.044,39.987,"usa"
-84.322,33.827,"usa"
-89.995,35.213,"usa"
-94.402,39.009,"usa"
-74.659,40.349,"usa"
-94.402,39.009,"usa"
-96.785,32.995,"usa"
-83.044,39.987,"usa"
-117.765,33.67,"usa"
-83.044,39.987,"usa"
-83.194,42.333,"usa"
-77.366,38.947,"usa"
-87.625,41.878,"usa"
-71.304,42.656,"usa"
-110.385,31.593,"usa"
-122.859,45.518,"usa"
-71.085,42.364,"usa"
-84.232,43.707,"usa"
-120.617,37.379,"usa"
-83.044,39.987,"usa"
-77.395,39.015,"usa"
-74.159,40.848,"usa"
-83.044,39.987,"usa"
-71.147,42.275,"usa"
-104.884,39.613,"usa"
-73.175,44.447,"usa"
-122.02,38.013,"usa"
-84.322,33.827,"usa"
-77.033,38.899,"usa"
-72.823,41.536,"usa"
-83.044,39.987,"usa"
-83.909,35.966,"usa"
-86.546,34.617,"usa"
-86.045,39.783,"usa"
-72.684,41.766,"usa"
-78.95,36.017,"usa"
-83.044,39.987,"usa"
-122.167,37.417,"usa"
-77.461,39.018,"usa"
-122.694,45.498,"usa"
-83.044,39.987,"usa"
-86.045,39.783,"usa"
-105.015,39.962,"usa"
-117.03,32.809,"usa"
-74.111,40.396,"usa"
-110.385,31.593,"usa"
-95.333,29.619,"usa"
-73.942,40.817,"usa"
-70.264,43.663,"usa"
-74.509,40.631,"usa"
-117.014,32.625,"usa"
-120.293,47.371,"usa"
-87.625,41.878,"usa"
-74.286,40.557,"usa"
-122.167,37.417,"usa"
-71.085,42.364,"usa"
-96.785,32.995,"usa"
-94.652,31.615,"usa"
-105.015,39.962,"usa"
-117.765,33.67,"usa"
-110.385,31.593,"usa"
-73.252,41.218,"usa"
-73.942,40.817,"usa"
-96.785,32.995,"usa"
-81.334,28.759,"usa"
-80.148,26.278,"usa"
-122.51,37.975,"usa"
-77.518,38.908,"usa"
-83.194,42.333,"usa"
-72.684,41.766,"usa"
-81.334,28.759,"usa"
-77.033,38.899,"usa"
-122.694,45.498,"usa"
-105.015,39.767,"usa"
-83.044,39.987,"usa"
-84.322,33.827,"usa"
-105.015,39.767,"usa"
-77.033,38.899,"usa"
-83.044,39.987,"usa"
-76.608,39.298,"usa"
-83.044,39.987,"usa"
-95.333,29.619,"usa"
-83.044,39.987,"usa"
-76.924,38.849,"usa"
-105.51,39.96,"usa"
-122.168,47.615,"usa"
-85.689,42.276,"usa"
-75.164,39.952,"usa"
-77.518,38.908,"usa"
-83.736,42.229,"usa"
-121.953,37.353,"usa"
-77.42,37.583,"usa"
-71.085,42.364,"usa"
-122.167,37.417,"usa"
-112.07,33.449,"usa"
-77.461,39.018,"usa"
-74.111,40.396,"usa"
-81.334,28.759,"usa"
-83.044,39.987,"usa"
-75.164,39.952,"usa"
-74.111,40.396,"usa"
-111.731,33.603,"usa"
-119.765,36.862,"usa"
-104.864,38.853,"usa"
-75.371,40.626,"usa"
-76.092,36.846,"usa"
-83.044,39.987,"usa"
-83.044,39.987,"usa"
-95.333,29.619,"usa"
-77.003,38.982,"usa"
-122.02,38.013,"usa"
-76.928,38.941,"usa"
-80.236,25.726,"usa"
-74.202,40.722,"usa"
-122.436,37.786,"usa"
-73.942,40.817,"usa"
-83.044,39.987,"usa"
-84.322,33.827,"usa"
-74.338,43.054,"usa"
-77.45,37.338,"usa"
-87.76,41.844,"usa"
-83.044,39.987,"usa"
-81.652,30.328,"usa"
-77.42,37.583,"usa"
-105.015,39.767,"usa"
-80.1,26.385,"usa"
-73.942,40.817,"usa"
-121.856,37.217,"usa"
-87.625,41.878,"usa"
-73.942,40.817,"usa"
-118.239,34.063,"usa"
-83.044,39.987,"usa"
-121.953,37.353,"usa"
-122.436,37.786,"usa"
-83.736,42.229,"usa"
-77.26,38.859,"usa"
-96.65,40.918,"usa"
-77.518,38.908,"usa"
-71.085,42.364,"usa"
-122.335,47.612,"usa"
-86.045,39.783,"usa"
-77.18,38.887,"usa"
-122.168,47.615,"usa"
-122.032,37.35,"usa"
-73.942,40.817,"usa"
-117.765,33.67,"usa"
-81.572,33.534,"usa"
-75.043,40.4,"usa"
-75.694,39.679,"usa"
-83.044,39.987,"usa"
-83.044,39.987,"usa"
-94.209,45.531,"usa"
-84.322,33.827,"usa"
-83.044,39.987,"usa"
-81.173,32.167,"usa"
-86.045,39.783,"usa"
-83.044,39.987,"usa"
-83.044,39.987,"usa"
-83.044,39.987,"usa"
-77.366,38.947,"usa"
-96.709,32.95,"usa"
-71.085,42.364,"usa"
-110.385,31.593,"usa"
-77.336,39.418,"usa"
-74.202,40.722,"usa"
-117.765,33.67,"usa"
-118.239,34.063,"usa"
-76.288,36.914,"usa"
-77.366,38.947,"usa"
-88.2,41.71,"usa"
-83.044,39.987,"usa"
-121.93,37.715,"usa"
-93.32,45.165,"usa"
-83.044,39.987,"usa"
-122.02,38.013,"usa"
-95.333,29.619,"usa"
-77.366,38.947,"usa"
-98,38,"usa"
-122.02,38.013,"usa"
-89.863,34.95,"usa"
-118.239,34.063,"usa"
-88.349,33.439,"usa"
-84.322,33.827,"usa"
-77.518,38.908,"usa"
-112.07,33.449,"usa"
-83.044,39.987,"usa"
-122.053,37.323,"usa"
-117.948,34.923,"usa"
-83.044,39.987,"usa"
-77.18,38.887,"usa"
-86.546,34.617,"usa"
-83.044,39.987,"usa"
-111.829,40.594,"usa"
-77.18,38.887,"usa"
-92.279,34.748,"usa"
-86.672,36.132,"usa"
-83.044,39.987,"usa"
-83.044,39.987,"usa"
-74.111,40.396,"usa"
-86.326,32.398,"usa"
-83.044,39.987,"usa"
-78.697,35.804,"usa"
-74.478,40.797,"usa"
-77.461,39.018,"usa"
-121.856,37.217,"usa"
-121.889,37.672,"usa"
-122.335,47.612,"usa"
-83.044,39.987,"usa"
-76.172,42.603,"usa"
-96.804,33.074,"usa"
-94.402,39.009,"usa"
-112.07,33.449,"usa"
-122.053,37.323,"usa"
-111.921,33.309,"usa"
-78.697,35.804,"usa"
-77.033,38.899,"usa"
-122.168,47.615,"usa"
-122.436,37.786,"usa"
-75.694,39.679,"usa"
-111.693,40.221,"usa"
-117.198,33.832,"usa"
-87.625,41.878,"usa"
-83.044,39.987,"usa"
-78.95,36.017,"usa"
-71.057,42.358,"usa"
-83.736,42.229,"usa"
-83.044,39.987,"usa"
-83.044,39.987,"usa"
-73.399,41.099,"usa"
-75.272,39.959,"usa"
-86.326,32.398,"usa"
-83.044,39.987,"usa"
-122.167,37.417,"usa"
-118.469,34.012,"usa"
-83.044,39.987,"usa"
-85.443,44.255,"usa"
-91.671,42.021,"usa"
-80.093,40.653,"usa"
-75.164,39.952,"usa"
-95.53,29.525,"usa"
-76.288,36.914,"usa"
-73.399,41.099,"usa"
-75.694,39.679,"usa"
-121.856,37.217,"usa"
-81.014,35.292,"usa"
-122.249,37.532,"usa"
-73.487,40.74,"usa"
-95.333,29.619,"usa"
-122.242,37.738,"usa"
-122.167,37.417,"usa"
-77.461,39.018,"usa"
-106.335,31.772,"usa"
-84.281,30.438,"usa"
-77.033,38.899,"usa"
-81.273,29.832,"usa"
-96.785,32.995,"usa"
-86.672,36.132,"usa"
-122.167,37.417,"usa"
-84.322,33.827,"usa"
-105.015,39.962,"usa"
-83.41,42.645,"usa"
-77.518,38.908,"usa"
-122.167,37.417,"usa"
-95.333,29.619,"usa"
-77.461,39.018,"usa"
-123.015,46.95,"usa"
-122.436,37.786,"usa"
-105.015,39.962,"usa"
-97.937,30.319,"usa"
-95.333,29.619,"usa"
-122.436,37.786,"usa"
-88.206,42.787,"usa"
-117.765,33.67,"usa"
-98,38,"usa"
-75.694,39.679,"usa"
-86.672,36.132,"usa"
-97.937,30.319,"usa"
-73.252,41.218,"usa"
-110.385,31.593,"usa"
-83.044,39.987,"usa"
-122.52,45.632,"usa"
-77.518,38.908,"usa"
-120.641,40.417,"usa"
-122.075,37.389,"usa"
-77.366,38.947,"usa"
-110.385,31.593,"usa"
-94.402,39.009,"usa"
-91.671,42.021,"usa"
-77.461,39.018,"usa"
-122.436,37.786,"usa"
-83.044,39.987,"usa"
-84.322,33.827,"usa"
-71.057,42.358,"usa"
-73.942,40.817,"usa"
-83.044,39.987,"usa"
-110.385,31.593,"usa"
-76.461,37.058,"usa"
-77.033,38.899,"usa"
-93.32,45.165,"usa"
-83.044,39.987,"usa"
-122.167,37.417,"usa"
-86.465,42.108,"usa"
-122.168,47.615,"usa"
-79.01,35.147,"usa"
-74.525,40.311,"usa"
-122.053,37.323,"usa"
-122.52,45.632,"usa"
-110.385,31.593,"usa"
-71.085,42.364,"usa"
-83.036,42.33,"usa"
-83.044,39.987,"usa"
-83.044,39.987,"usa"
-88.2,41.71,"usa"
-83.044,39.987,"usa"
-84.788,43.601,"usa"
-96.785,32.995,"usa"
-95.954,41.175,"usa"
-71.057,42.358,"usa"
-86.045,39.783,"usa"
-77.461,39.018,"usa"
-117.789,33.737,"usa"
-83.194,42.333,"usa"
-93.32,45.165,"usa"
-83.044,39.987,"usa"
-85.482,32.608,"usa"
-77.18,38.887,"usa"
-83.044,39.987,"usa"
-77.366,38.947,"usa"
-83.194,42.333,"usa"
-83.194,42.333,"usa"
-99.945,37.666,"usa"
-73.942,40.817,"usa"
-85.723,31.393,"usa"
-86.045,39.783,"usa"
-110.385,31.593,"usa"
-72.684,41.766,"usa"
-80.936,33.967,"usa"
-74.567,40.678,"usa"
-83.044,39.987,"usa"
-83.044,39.987,"usa"
-83.044,39.987,"usa"
-71.057,42.358,"usa"
-73.399,41.099,"usa"
-95.333,29.619,"usa"
-117.03,32.809,"usa"
-117.03,32.809,"usa"
-98,38,"usa"
-73.399,41.099,"usa"
-85.286,35.001,"usa"
-77.18,38.887,"usa"
-94.402,39.009,"usa"
-117.765,33.67,"usa"